排名,学校名称,省市,学校类型,总得分
1,清华大学,北京,综合,852.5 
2,北京大学,北京,综合,746.7 
3,浙江大学,浙江,综合,649.2 
4,上海交通大学,上海,综合,625.9 
5,南京大学,江苏,综合,566.1 
6,复旦大学,上海,综合,556.7 
7,中国科学技术大学,安徽,理工,526.4 
8,华中科技大学,湖北,综合,497.7 
9,武汉大学,湖北,综合,488.0 
10,中山大学,广东,综合,457.2 
11,西安交通大学,陕西,综合,452.5 
12,哈尔滨工业大学,黑龙江,理工,450.2 
13,北京航空航天大学,北京,理工,445.1 
14,北京师范大学,北京,师范,440.9 
15,同济大学,上海,理工,439.0 
16,四川大学,四川,综合,435.7 
17,东南大学,江苏,综合,432.7 
18,中国人民大学,北京,综合,409.7 
19,南开大学,天津,综合,402.1 
20,北京理工大学,北京,理工,395.6 
21,天津大学,天津,理工,390.3 
22,山东大学,山东,综合,387.9 
23,厦门大学,福建,综合,383.3 
23,北京协和医学院,北京,医药,
24,吉林大学,吉林,综合,379.5 
25,华南理工大学,广东,理工,379.4 
26,中南大学,湖南,综合,378.6 
27,大连理工大学,辽宁,理工,365.1 
28,西北工业大学,陕西,理工,359.6 
29,华东师范大学,上海,师范,358.0 
30,中国农业大学,北京,农业,351.5 
30,上海财经大学,上海,财经,
31,湖南大学,湖南,综合,348.3 
32,电子科技大学,四川,理工,334.8 
33,北京科技大学,北京,理工,321.8 
34,重庆大学,重庆,综合,320.9 
35,南京航空航天大学,江苏,理工,319.5 
36,南京理工大学,江苏,理工,317.1 
36,中央财经大学,北京,财经,
37,东北大学,辽宁,理工,314.0 
38,苏州大学,江苏,综合,306.8 
39,华中农业大学,湖北,农业,300.5 
40,兰州大学,甘肃,综合,300.4 
40,香港中文大学（深圳）,广东,综合,
41,西安电子科技大学,陕西,理工,299.4 
41,对外经济贸易大学,北京,财经,
42,华东理工大学,上海,理工,294.6 
43,北京交通大学,北京,理工,293.6 
44,华中师范大学,湖北,师范,292.4 
45,上海大学,上海,综合,290.0 
46,南方科技大学,广东,综合,289.0 
46,首都医科大学,北京,医药,
47,南京农业大学,江苏,农业,283.2 
47,南京医科大学,江苏,医药,
48,暨南大学,广东,综合,282.6 
49,中国海洋大学,山东,综合,281.2 
50,南京师范大学,江苏,师范,279.9 
51,哈尔滨工程大学,黑龙江,理工,279.4 
52,武汉理工大学,湖北,理工,277.6 
52,中南财经政法大学,湖北,财经,
53,西南交通大学,四川,理工,277.3 
54,中国地质大学（武汉）,湖北,理工,274.9 
55,北京邮电大学,北京,理工,273.7 
55,中国政法大学,北京,政法,
56,东北师范大学,吉林,师范,272.5 
57,中国石油大学（北京）,北京,理工,272.4 
58,河海大学,江苏,理工,271.8 
59,江南大学,江苏,综合,271.5 
59,中国医科大学,辽宁,医药,
60,中国矿业大学,江苏,理工,264.9 
61,西北大学,陕西,综合,262.4 
61,上海纽约大学,上海,综合,
62,上海科技大学,上海,综合,261.5 
62,天津医科大学,天津,医药,
63,北京工业大学,北京,理工,260.5 
64,北京化工大学,北京,理工,259.7 
65,深圳大学,广东,综合,259.1 
66,西南大学,重庆,综合,257.5 
67,华南师范大学,广东,师范,254.4 
67,西南财经大学,四川,财经,
68,西北农林科技大学,陕西,农业,251.1 
68,宁波诺丁汉大学,浙江,综合,
69,扬州大学,江苏,综合,250.5 
70,中国地质大学（北京）,北京,理工,248.8 
70,北京外国语大学,北京,语言,
70,东北财经大学,辽宁,财经,
71,中国矿业大学（北京）,北京,理工,247.0 
72,江苏大学,江苏,综合,245.9 
73,东华大学,上海,理工,245.2 
74,中国石油大学（华东）,山东,理工,244.8 
75,宁波大学,浙江,综合,244.3 
75,南方医科大学,广东,医药,
76,福州大学,福建,理工,243.8 
77,北京林业大学,北京,林业,242.3 
78,合肥工业大学,安徽,理工,240.5 
78,哈尔滨医科大学,黑龙江,医药,
78,中国传媒大学,北京,语言,
79,陕西师范大学,陕西,师范,239.9 
80,华北电力大学,北京,理工,235.7 
81,浙江工业大学,浙江,理工,235.5 
82,南京工业大学,江苏,理工,235.4 
83,郑州大学,河南,综合,234.9 
84,云南大学,云南,综合,234.1 
85,湖南师范大学,湖南,师范,233.4 
85,首都师范大学,北京,师范,233.4 
87,南昌大学,江西,综合,228.4 
87,上海外国语大学,上海,语言,
87,上海中医药大学,上海,医药,
88,华南农业大学,广东,农业,227.1 
89,上海理工大学,上海,理工,221.4 
90,安徽大学,安徽,综合,219.2 
91,长安大学,陕西,理工,218.9 
91,中央民族大学,北京,民族,
92,燕山大学,河北,理工,216.7 
93,南京信息工程大学,江苏,理工,216.6 
93,中国药科大学,江苏,医药,
94,湖北大学,湖北,综合,214.5 
95,广东工业大学,广东,理工,214.2 
96,南京邮电大学,江苏,综合,213.9 
97,河南大学,河南,综合,212.9 
98,上海师范大学,上海,师范,212.8 
99,杭州电子科技大学,浙江,理工,211.6 
99,西交利物浦大学,江苏,理工,
100,广州大学,广东,综合,211.1 
101,广西大学,广西,综合,210.9 
102,福建师范大学,福建,师范,210.2 
103,湘潭大学,湖南,综合,210.1 
104,浙江师范大学,浙江,师范,209.8 
104,重庆医科大学,重庆,医药,
105,山东师范大学,山东,师范,207.4 
106,河北工业大学,天津,理工,203.4 
107,河北大学,河北,综合,201.7 
107,外交学院,北京,语言,
107,温州医科大学,浙江,医药,
108,青岛大学,山东,综合,201.4 
108,北京中医药大学,北京,医药,
109,大连海事大学,辽宁,理工,200.9 
109,杭州师范大学,浙江,师范,200.9 
109,江西财经大学,江西,财经,
111,浙江理工大学,浙江,理工,200.3 
111,河北医科大学,河北,医药,
112,东北农业大学,黑龙江,农业,198.5 
112,太原理工大学,山西,理工,198.5 
114,武汉科技大学,湖北,理工,197.9 
114,浙江工商大学,浙江,财经,
115,南京林业大学,江苏,林业,197.0 
116,山西大学,山西,综合,196.6 
117,东北林业大学,黑龙江,林业,194.8 
117,首都经济贸易大学,北京,财经,
118,北京建筑大学,北京,理工,194.1 
119,辽宁大学,辽宁,综合,192.9 
120,福建农林大学,福建,农业,192.5 
121,江苏师范大学,江苏,师范,192.4 
122,华侨大学,福建,综合,191.7 
123,内蒙古大学,内蒙古,综合,191.6 
124,汕头大学,广东,综合,191.2 
125,江西师范大学,江西,师范,188.8 
126,长沙理工大学,湖南,理工,188.3 
126,南京中医药大学,江苏,医药,
127,昆明理工大学,云南,理工,187.5 
127,大连医科大学,辽宁,医药,
128,西安理工大学,陕西,理工,187.2 
129,常州大学,江苏,理工,186.4 
130,黑龙江大学,黑龙江,综合,184.1 
130,湖北工业大学,湖北,理工,184.1 
130,华东政法大学,上海,政法,
132,西安建筑科技大学,陕西,理工,182.6 
132,广东外语外贸大学,广东,语言,
133,西南石油大学,四川,理工,181.9 
133,北京师范大学-香港浸会大学联合国际学院,广东,综合,
134,贵州大学,贵州,综合,181.6 
135,河北师范大学,河北,师范,181.1 
136,安徽师范大学,安徽,师范,180.8 
136,广州医科大学,广东,医药,
137,重庆邮电大学,重庆,理工,179.9 
137,北京语言大学,北京,语言,
138,中国计量大学,浙江,理工,178.3 
139,济南大学,山东,综合,177.1 
140,辽宁师范大学,辽宁,师范,176.7 
140,安徽医科大学,安徽,医药,
141,四川农业大学,四川,农业,176.2 
142,江苏科技大学,江苏,理工,175.9 
143,河南师范大学,河南,师范,175.7 
143,上海体育学院,上海,体育,
144,温州大学,浙江,综合,175.5 
145,天津师范大学,天津,师范,174.8 
146,南通大学,江苏,综合,174.6 
147,上海海事大学,上海,理工,173.6 
148,海南大学,海南,综合,172.7 
149,山东科技大学,山东,综合,172.3 
150,天津工业大学,天津,理工,171.2 
150,西南政法大学,重庆,政法,
151,广西师范大学,广西,师范,170.8 
151,武汉工程大学,湖北,理工,170.8 
153,新疆大学,新疆,综合,170.3 
154,上海海洋大学,上海,农业,169.9 
155,河南农业大学,河南,农业,169.7 
156,成都理工大学,四川,理工,168.3 
157,三峡大学,湖北,综合,167.9 
157,广州中医药大学,广东,医药,
157,上海对外经贸大学,上海,财经,
158,国际关系学院,北京,综合,167.5 
159,浙江农林大学,浙江,林业,167.0 
160,湖南农业大学,湖南,农业,165.9 
160,广西医科大学,广西,医药,
161,陕西科技大学,陕西,理工,165.2 
161,北京工商大学,北京,财经,
162,北方工业大学,北京,理工,164.8 
162,福建医科大学,福建,医药,
163,西北师范大学,甘肃,师范,164.0 
164,曲阜师范大学,山东,师范,163.3 
164,石河子大学,新疆,综合,163.3 
164,浙江财经大学,浙江,财经,
166,山东农业大学,山东,农业,162.1 
166,南京财经大学,江苏,财经,
167,云南师范大学,云南,师范,162.0 
168,石家庄铁道大学,河北,理工,161.3 
169,安徽农业大学,安徽,农业,160.5 
170,安徽工业大学,安徽,理工,160.4 
171,四川师范大学,四川,师范,159.7 
172,青岛科技大学,山东,理工,158.3 
173,湖南科技大学,湖南,综合,158.1 
174,重庆交通大学,重庆,理工,157.3 
175,河北农业大学,河北,农业,156.8 
176,长春理工大学,吉林,理工,156.7 
176,天津理工大学,天津,理工,156.7 
178,河南科技大学,河南,综合,156.6 
179,武汉纺织大学,湖北,理工,155.6 
179,天津中医药大学,天津,医药,
180,中北大学,山西,理工,155.0 
181,齐鲁工业大学,山东,理工,154.6 
182,北京信息科技大学,北京,理工,154.5 
183,沈阳农业大学,辽宁,农业,154.4 
184,宁夏大学,宁夏,综合,153.4 
185,天津科技大学,天津,理工,153.3 
186,吉林农业大学,吉林,农业,151.2 
186,沈阳建筑大学,辽宁,理工,151.2 
186,苏州科技大学,江苏,理工,151.2 
187,南京审计大学,江苏,财经,
188,北京体育大学,北京,体育,
189,上海电力大学,上海,理工,151.0 
189,山东财经大学,山东,财经,
190,长江大学,湖北,综合,150.8 
190,沈阳药科大学,辽宁,医药,
190,天津财经大学,天津,财经,
191,西安科技大学,陕西,理工,150.3 
191,浙江海洋大学,浙江,农业,150.3 
191,温州肯恩大学,浙江,综合,
192,浙江中医药大学,浙江,医药,
192,中南民族大学,湖北,民族,
193,哈尔滨师范大学,黑龙江,师范,148.9 
194,河南工业大学,河南,理工,148.8 
194,沈阳航空航天大学,辽宁,理工,148.8 
195,北京第二外国语学院,北京,语言,
196,哈尔滨理工大学,黑龙江,理工,148.6 
197,华东交通大学,江西,理工,147.9 
198,上海工程技术大学,上海,理工,147.4 
198,延边大学,吉林,综合,147.4 
200,河北科技大学,河北,理工,146.9 
200,沈阳师范大学,辽宁,师范,146.9 
202,西南科技大学,四川,理工,146.7 
202,中南林业科技大学,湖南,林业,146.7 
204,大连工业大学,辽宁,理工,146.6 
204,徐州医科大学,江苏,医药,
205,重庆师范大学,重庆,师范,146.5 
206,南昌航空大学,江西,理工,146.2 
207,河南理工大学,河南,理工,146.1 
208,南华大学,湖南,综合,145.0 
209,重庆理工大学,重庆,理工,144.9 
210,渤海大学,辽宁,综合,142.5 
211,华北理工大学,河北,综合,142.2 
212,兰州理工大学,甘肃,理工,142.0 
213,安徽理工大学,安徽,理工,141.9 
213,大连大学,辽宁,综合,141.9 
214,安徽财经大学,安徽,财经,
215,海南师范大学,海南,师范,141.8 
216,东北电力大学,吉林,理工,141.1 
217,中国民航大学,天津,理工,141.0 
217,山西医科大学,山西,医药,
218,大连交通大学,辽宁,理工,140.7 
219,成都信息工程大学,四川,理工,140.6 
220,江西农业大学,江西,农业,140.1 
220,烟台大学,山东,综合,140.1 
222,桂林电子科技大学,广西,理工,139.5 
223,东莞理工学院,广东,理工,138.6 
224,郑州轻工业大学,河南,理工,138.4 
225,武汉轻工大学,湖北,理工,137.9 
225,西藏大学,西藏,综合,137.9 
227,北京农学院,北京,农业,137.8 
228,佛山科学技术学院,广东,综合,137.4 
229,北京电子科技学院,北京,理工,137.1 
229,厦门理工学院,福建,理工,137.1 
231,上海应用技术大学,上海,理工,137.0 
232,鲁东大学,山东,综合,136.7 
232,西安邮电大学,陕西,理工,136.7 
234,兰州交通大学,甘肃,理工,136.6 
235,沈阳工业大学,辽宁,理工,136.4 
236,东北石油大学,黑龙江,理工,136.0 
236,成都中医药大学,四川,医药,
237,江汉大学,湖北,综合,135.9 
238,内蒙古农业大学,内蒙古,农业,135.7 
239,山东建筑大学,山东,理工,135.5 
239,辽宁中医药大学,辽宁,医药,
240,东华理工大学,江西,理工,135.2 
241,华北水利水电大学,河南,理工,135.1 
242,桂林理工大学,广西,理工,134.9 
243,集美大学,福建,综合,134.8 
243,沈阳化工大学,辽宁,理工,134.8 
243,广东财经大学,广东,财经,
244,宁夏医科大学,宁夏,医药,
244,天津外国语大学,天津,语言,
245,青岛农业大学,山东,农业,134.6 
246,贵州师范大学,贵州,师范,133.9 
247,西华师范大学,四川,师范,133.0 
247,西南医科大学,四川,医药,
248,青海大学,青海,综合,132.6 
249,辽宁工业大学,辽宁,理工,132.2 
250,山东理工大学,山东,理工,132.0 
251,青岛理工大学,山东,理工,131.6 
251,新疆医科大学,新疆,医药,
252,安徽建筑大学,安徽,理工,131.5 
252,西南民族大学,四川,民族,
253,江西理工大学,江西,理工,131.3 
253,黑龙江中医药大学,黑龙江,医药,
254,信阳师范学院,河南,师范,130.6 
255,西华大学,四川,综合,130.5 
256,山西师范大学,山西,师范,130.4 
256,上海政法学院,上海,政法,
257,西安石油大学,陕西,理工,130.0 
258,西安工程大学,陕西,理工,129.7 
259,湖南工业大学,湖南,理工,129.5 
259,重庆工商大学,重庆,财经,
259,锦州医科大学,辽宁,医药,
260,内蒙古工业大学,内蒙古,理工,129.2 
260,大连外国语大学,辽宁,语言,
261,北京印刷学院,北京,理工,128.9 
261,昆明医科大学,云南,医药,
262,新疆师范大学,新疆,师范,128.3 
263,北京联合大学,北京,综合,127.9 
263,西安工业大学,陕西,理工,127.9 
265,湖州师范学院,浙江,师范,127.6 
266,成都大学,四川,综合,127.4 
267,吉首大学,湖南,综合,127.0 
267,四川外国语大学,重庆,语言,
268,南京工程学院,江苏,理工,126.8 
269,北京石油化工学院,北京,理工,126.6 
270,辽宁工程技术大学,辽宁,理工,126.5 
271,吉林师范大学,吉林,师范,126.0 
271,河南财经政法大学,河南,财经,
272,上海海关学院,上海,综合,125.5 
272,内蒙古医科大学,内蒙古,医药,
273,绍兴文理学院,浙江,师范,124.5 
274,南宁师范大学,广西,师范,124.4 
274,新乡医学院,河南,医药,
275,合肥学院,安徽,理工,124.3 
275,中国人民公安大学,北京,政法,
276,河北工程大学,河北,理工,123.8 
276,辽宁科技大学,辽宁,理工,123.8 
278,湖北师范大学,湖北,师范,123.7 
278,沈阳理工大学,辽宁,理工,123.7 
279,山西财经大学,山西,财经,
280,内蒙古师范大学,内蒙古,师范,123.4 
280,江西中医药大学,江西,医药,
281,云南农业大学,云南,农业,123.2 
282,聊城大学,山东,综合,122.8 
283,长春工业大学,吉林,理工,122.7 
284,新疆农业大学,新疆,农业,122.5 
284,河北经贸大学,河北,财经,
285,大连海洋大学,辽宁,农业,122.2 
285,湖北中医药大学,湖北,医药,
286,中原工学院,河南,理工,122.1 
286,湖南中医药大学,湖南,医药,
287,安徽工程大学,安徽,理工,121.8 
288,甘肃农业大学,甘肃,农业,121.7 
289,辽宁石油化工大学,辽宁,理工,120.5 
290,景德镇陶瓷大学,江西,理工,120.2 
291,山西农业大学,山西,农业,119.6 
292,天津城建大学,天津,理工,119.5 
292,浙江科技学院,浙江,理工,119.5 
293,山东中医药大学,山东,医药,
294,赣南师范大学,江西,师范,119.2 
295,广东技术师范大学,广东,师范,119.1 
295,湖北经济学院,湖北,财经,
296,安庆师范大学,安徽,师范,119.0 
297,江苏理工学院,江苏,理工,118.5 
297,宁波工程学院,浙江,理工,118.5 
297,西北政法大学,陕西,政法,
298,河南中医药大学,河南,医药,
299,盐城师范学院,江苏,师范,118.3 
300,淮北师范大学,安徽,师范,118.2 
300,遵义医科大学,贵州,医药,
301,沈阳大学,辽宁,综合,118.0 
302,重庆科技学院,重庆,理工,117.8 
303,嘉兴学院,浙江,综合,117.7 
304,西南林业大学,云南,林业,117.3 
305,淮阴师范学院,江苏,师范,117.1 
306,盐城工学院,江苏,理工,117.0 
306,北京物资学院,北京,财经,
307,五邑大学,广东,综合,116.5 
307,广西民族大学,广西,民族,
308,常熟理工学院,江苏,综合,116.4 
308,广东医科大学,广东,医药,
309,广东海洋大学,广东,农业,116.1 
310,上海第二工业大学,上海,理工,115.9 
310,福建中医药大学,福建,医药,
311,福建工程学院,福建,理工,115.6 
312,大理大学,云南,综合,115.2 
313,四川轻化工大学,四川,理工,114.9 
314,黑龙江八一农垦大学,黑龙江,农业,113.6 
314,内蒙古科技大学,内蒙古,综合,113.6 
315,上海立信会计金融学院,上海,财经,
316,延安大学,陕西,综合,113.5 
316,贵州医科大学,贵州,医药,
317,天津农学院,天津,农业,113.3 
318,内蒙古民族大学,内蒙古,综合,112.8 
318,天津职业技术师范大学,天津,师范,112.8 
319,广西中医药大学,广西,医药,
320,闽江学院,福建,理工,112.3 
321,湖南理工学院,湖南,理工,112.2 
322,淮阴工学院,江苏,理工,111.9 
322,江西科技师范大学,江西,师范,111.9 
324,江苏海洋大学,江苏,理工,111.8 
324,闽南师范大学,福建,师范,111.8 
326,黑龙江科技大学,黑龙江,理工,111.6 
326,哈尔滨商业大学,黑龙江,财经,
327,北华大学,吉林,综合,111.5 
328,仲恺农业工程学院,广东,农业,111.4 
328,西安外国语大学,陕西,语言,
329,太原科技大学,山西,理工,111.2 
330,南昌工程学院,江西,理工,110.5 
331,长江师范学院,重庆,师范,110.4 
332,南京晓庄学院,江苏,师范,109.9 
333,湖北科技学院,湖北,综合,109.7 
334,台州学院,浙江,综合,109.1 
335,重庆文理学院,重庆,综合,108.8 
336,金陵科技学院,江苏,综合,108.5 
337,临沂大学,山东,综合,107.8 
338,湖北文理学院,湖北,综合,107.7 
338,吉林建筑大学,吉林,理工,107.7 
340,齐齐哈尔大学,黑龙江,综合,107.2 
341,河北科技师范学院,河北,师范,107.0 
342,青海师范大学,青海,师范,106.6 
343,浙江万里学院,浙江,理工,106.5 
343,蚌埠医学院,安徽,医药,
344,安阳师范学院,河南,师范,105.7 
344,吉林财经大学,吉林,财经,
345,江苏第二师范学院,江苏,师范,105.0 
345,安徽中医药大学,安徽,医药,
346,长沙学院,湖南,理工,104.7 
346,合肥师范学院,安徽,师范,104.7 
346,塔里木大学,新疆,综合,104.7 
346,徐州工程学院,江苏,理工,104.7 
347,云南财经大学,云南,财经,
350,湖北第二师范学院,湖北,师范,104.3 
350,内蒙古财经大学,内蒙古,财经,
350,浙江传媒学院,浙江,语言,
351,常州工学院,江苏,理工,104.2 
352,井冈山大学,江西,综合,104.1 
353,岭南师范学院,广东,师范,103.7 
354,广西科技大学,广西,理工,103.1 
355,长春大学,吉林,综合,102.9 
355,贵州师范学院,贵州,师范,102.9 
356,云南民族大学,云南,民族,
357,洛阳师范学院,河南,师范,102.8 
357,天津体育学院,天津,体育,
358,佳木斯大学,黑龙江,综合,102.3 
358,天津商业大学,天津,财经,
359,上海电机学院,上海,理工,102.2 
360,南阳师范学院,河南,师范,102.0 
361,河北建筑工程学院,河北,理工,101.3 
362,西藏农牧学院,西藏,农业,101.1 
363,惠州学院,广东,综合,100.7 
364,北华航天工业学院,河北,理工,100.0 
365,广东第二师范学院,广东,师范,99.6 
365,湖南工商大学,湖南,财经,
366,广东石油化工学院,广东,综合,99.5 
366,贵州财经大学,贵州,财经,
367,湖北汽车工业学院,湖北,理工,99.3 
368,衡阳师范学院,湖南,师范,98.9 
369,黄冈师范学院,湖北,师范,98.6 
369,丽水学院,浙江,师范,98.6 
370,湖北医药学院,湖北,医药,
371,洛阳理工学院,河南,综合,98.5 
372,北部湾大学,广西,综合,97.9 
372,湖南第一师范学院,湖南,师范,97.9 
373,大连民族大学,辽宁,民族,
374,肇庆学院,广东,综合,97.6 
375,重庆三峡学院,重庆,综合,97.4 
376,长春师范大学,吉林,师范,97.2 
376,贵州民族大学,贵州,民族,
377,阜阳师范大学,安徽,师范,96.9 
377,乐山师范学院,四川,师范,96.9 
378,海南医学院,海南,医药,
378,河北地质大学,河北,财经,
379,湖北理工学院,湖北,理工,96.1 
380,石家庄学院,河北,师范,96.0 
381,湖北工程学院,湖北,综合,95.9 
381,中国民用航空飞行学院,四川,理工,95.9 
383,河南科技学院,河南,师范,95.8 
384,沈阳工程学院,辽宁,理工,95.7 
384,铜仁学院,贵州,综合,95.7 
384,滨州医学院,山东,医药,
384,中国刑事警察学院,辽宁,政法,
386,成都工业学院,四川,理工,95.6 
387,防灾科技学院,河北,理工,95.4 
387,黑龙江工程学院,黑龙江,理工,95.4 
387,曲靖师范学院,云南,师范,95.4 
390,陕西理工大学,陕西,理工,95.1 
390,玉林师范学院,广西,师范,95.1 
391,沈阳医学院,辽宁,医药,
391,首都体育学院,北京,体育,
392,九江学院,江西,综合,94.9 
392,绵阳师范学院,四川,师范,94.9 
392,唐山师范学院,河北,师范,94.9 
392,广东药科大学,广东,医药,
395,华北科技学院,河北,理工,94.6 
395,杭州医学院,浙江,医药,
395,浙江外国语学院,浙江,语言,
396,泉州师范学院,福建,师范,94.5 
396,长春中医药大学,吉林,医药,
397,宝鸡文理学院,陕西,师范,93.5 
397,川北医学院,四川,医药,
397,桂林医学院,广西,医药,
398,重庆第二师范学院,重庆,师范,93.3 
398,郑州师范学院,河南,师范,93.3 
400,安徽科技学院,安徽,师范,93.2 
401,湖南文理学院,湖南,综合,93.1 
402,湖南工程学院,湖南,理工,93.0 
403,贵州理工学院,贵州,理工,92.6 
403,韩山师范学院,广东,师范,92.6 
405,内江师范学院,四川,师范,92.5 
405,许昌学院,河南,理工,92.5 
407,滁州学院,安徽,师范,92.2 
408,凯里学院,贵州,综合,91.8 
408,上海商学院,上海,财经,
409,莆田学院,福建,综合,91.6 
410,商丘师范学院,河南,师范,91.5 
410,武汉体育学院,湖北,体育,
410,新疆财经大学,新疆,财经,
411,韶关学院,广东,综合,91.4 
412,攀枝花学院,四川,综合,91.1 
412,西北民族大学,甘肃,民族,
413,湖南城市学院,湖南,综合,91.0 
413,宜春学院,江西,综合,91.0 
415,衢州学院,浙江,理工,90.8 
416,泰州学院,江苏,师范,90.7 
416,浙江水利水电学院,浙江,理工,90.7 
416,皖南医学院,安徽,医药,
418,贵阳学院,贵州,综合,89.9 
418,郑州航空工业管理学院,河南,财经,
419,吉林化工学院,吉林,理工,89.7 
419,龙岩学院,福建,综合,89.7 
419,太原师范学院,山西,师范,89.7 
419,成都体育学院,四川,体育,
420,中国劳动关系学院,北京,政法,
421,广东金融学院,广东,财经,
421,河北中医学院,河北,医药,
421,南京体育学院,江苏,体育,
422,周口师范学院,河南,师范,89.6 
423,昆明学院,云南,综合,89.5 
423,成都医学院,四川,医药,
424,鞍山师范学院,辽宁,师范,89.4 
425,南阳理工学院,河南,理工,89.3 
425,沈阳体育学院,辽宁,体育,
426,山西大同大学,山西,综合,89.2 
427,廊坊师范学院,河北,师范,89.1 
427,营口理工学院,辽宁,理工,89.1 
427,玉溪师范学院,云南,师范,89.1 
428,承德医学院,河北,医药,
430,保定学院,河北,师范,88.7 
430,三明学院,福建,综合,88.7 
432,安顺学院,贵州,综合,88.5 
433,德州学院,山东,综合,88.2 
434,河南城建学院,河南,理工,88.0 
434,牡丹江师范学院,黑龙江,师范,88.0 
435,兰州财经大学,甘肃,财经,
436,宜宾学院,四川,综合,87.7 
437,遵义师范学院,贵州,师范,87.4 
438,山东交通学院,山东,理工,87.3 
438,唐山学院,河北,理工,87.3 
438,河北金融学院,河北,财经,
440,长春工程学院,吉林,理工,87.2 
441,潍坊学院,山东,综合,86.9 
441,陕西中医药大学,陕西,医药,
442,黄淮学院,河南,师范,86.5 
443,嘉应学院,广东,综合,86.2 
444,哈尔滨学院,黑龙江,综合,86.1 
445,武夷学院,福建,综合,85.8 
445,山东第一医科大学,山东,医药,
446,上饶师范学院,江西,师范,85.6 
446,新乡学院,河南,理工,85.6 
447,西藏民族大学,陕西,民族,
448,辽东学院,辽宁,综合,85.1 
448,辽宁科技学院,辽宁,理工,85.1 
448,江苏警官学院,江苏,政法,
450,成都师范学院,四川,师范,85.0 
450,邢台学院,河北,师范,85.0 
452,邯郸学院,河北,师范,84.9 
453,呼伦贝尔学院,内蒙古,综合,84.8 
454,湖南科技学院,湖南,综合,84.6 
454,四川旅游学院,四川,综合,84.6 
454,皖西学院,安徽,师范,84.6 
457,赤峰学院,内蒙古,综合,84.5 
457,红河学院,云南,综合,84.5 
457,湖北民族大学,湖北,民族,
459,黄山学院,安徽,师范,84.4 
459,四川文理学院,四川,综合,84.4 
459,青海民族大学,青海,民族,
461,滨州学院,山东,师范,84.3 
461,黔南民族师范学院,贵州,师范,84.3 
461,山东工商学院,山东,财经,
462,潍坊医学院,山东,医药,
463,内蒙古科技大学包头师范学院,内蒙古,综合,84.2 
464,宁德师范学院,福建,师范,84.1 
465,楚雄师范学院,云南,师范,83.8 
466,信阳农林学院,河南,农业,83.5 
467,吉林工程技术师范学院,吉林,师范,83.3 
468,宁夏师范学院,宁夏,师范,82.7 
468,云南中医药大学,云南,医药,
469,海南热带海洋学院,海南,综合,82.6 
469,河北民族师范学院,河北,师范,82.6 
469,南昌师范学院,江西,师范,82.6 
472,西昌学院,四川,综合,82.5 
473,广西民族师范学院,广西,师范,82.1 
473,伊犁师范大学,新疆,师范,82.1 
475,沧州师范学院,河北,师范,81.9 
475,贵州工程应用技术学院,贵州,师范,81.9 
476,西安财经大学,陕西,财经,
477,六盘水师范学院,贵州,师范,81.6 
478,池州学院,安徽,师范,81.5 
479,淮南师范学院,安徽,师范,81.1 
480,广州航海学院,广东,理工,80.8 
480,泰山学院,山东,综合,80.8 
480,广州体育学院,广东,体育,
482,西安文理学院,陕西,师范,80.5 
483,梧州学院,广西,综合,80.0 
484,通化师范学院,吉林,师范,79.9 
485,邵阳学院,湖南,理工,79.8 
486,平顶山学院,河南,师范,79.7 
487,荆楚理工学院,湖北,理工,79.6 
488,大庆师范学院,黑龙江,综合,79.5 
488,宿州学院,安徽,师范,79.5 
490,蚌埠学院,安徽,理工,79.1 
491,衡水学院,河北,师范,79.0 
492,湘南学院,湖南,理工,78.9 
493,河南工程学院,河南,理工,78.7 
493,渭南师范学院,陕西,师范,78.7 
493,北方民族大学,宁夏,民族,
495,喀什大学,新疆,师范,78.5 
496,巢湖学院,安徽,师范,78.4 
496,齐鲁师范学院,山东,师范,78.4 
497,贵州中医药大学,贵州,医药,
497,河北北方学院,河北,医药,
498,贺州学院,广西,综合,78.2 
498,中华女子学院,北京,语言,
499,黑河学院,黑龙江,综合,78.1 
500,白城师范学院,吉林,师范,77.9 
501,咸阳师范学院,陕西,师范,77.4 
502,河南牧业经济学院,河南,农业,76.8 
503,怀化学院,湖南,综合,76.4 
503,张家口学院,河北,综合,76.4 
504,甘肃中医药大学,甘肃,医药,
505,安阳工学院,河南,理工,75.8 
505,河池学院,广西,综合,75.8 
507,桂林航天工业学院,广西,理工,75.6 
508,四川民族学院,四川,师范,75.4 
508,山东体育学院,山东,体育,
509,湖南工学院,湖南,理工,75.0 
510,百色学院,广西,综合,74.7 
511,兰州城市学院,甘肃,综合,74.5 
511,榆林学院,陕西,师范,74.5 
511,牡丹江医学院,黑龙江,医药,
513,兴义民族师范学院,贵州,师范,74.4 
514,河西学院,甘肃,综合,73.6 
515,保山学院,云南,师范,73.3 
516,太原工业学院,山西,理工,73.2 
517,商洛学院,陕西,综合,73.1 
518,湖南人文科技学院,湖南,师范,73.0 
518,甘肃政法大学,甘肃,政法,
518,山西中医药大学,山西,医药,
519,新余学院,江西,综合,72.8 
520,天水师范学院,甘肃,师范,72.7 
521,忻州师范学院,山西,师范,72.6 
522,吉林农业科技学院,吉林,农业,72.4 
523,枣庄学院,山东,综合,72.2 
524,普洱学院,云南,师范,72.1 
524,郑州工程技术学院,河南,理工,72.1 
525,济宁医学院,山东,医药,
526,河北环境工程学院,河北,综合,71.8 
527,山东青年政治学院,山东,综合,71.7 
527,重庆警察学院,重庆,政法,
528,晋中学院,山西,师范,71.6 
528,绥化学院,黑龙江,综合,71.6 
529,右江民族医学院,广西,医药,
530,安康学院,陕西,综合,71.3 
530,文山学院,云南,师范,71.3 
530,西藏藏医药大学,西藏,医药,
531,广西财经学院,广西,财经,
532,运城学院,山西,师范,71.1 
532,赣南医学院,江西,医药,
533,陇东学院,甘肃,师范,70.2 
534,景德镇学院,江西,综合,70.1 
534,四川警察学院,四川,政法,
535,滇西科技师范学院,云南,师范,69.8 
536,长沙师范学院,湖南,师范,69.7 
537,兰州工业学院,甘肃,理工,69.6 
537,哈尔滨体育学院,黑龙江,体育,
537,河南警察学院,河南,政法,
538,济宁学院,山东,师范,69.2 
539,琼台师范学院,海南,师范,69.0 
539,广东警官学院,广东,政法,
540,山东女子学院,山东,综合,68.9 
540,陕西学前师范学院,陕西,师范,68.9 
542,豫章师范学院,江西,师范,68.6 
543,昭通学院,云南,师范,68.5 
544,河南工学院,河南,理工,68.4 
545,新疆理工学院,新疆,综合,68.0 
545,齐齐哈尔医学院,黑龙江,医药,
546,汉江师范学院,湖北,师范,67.8 
546,福建江夏学院,福建,财经,
547,菏泽学院,山东,综合,67.1 
548,新疆工程学院,新疆,理工,66.6 
549,昌吉学院,新疆,师范,66.5 
550,鄂尔多斯应用技术学院,内蒙古,综合,65.8 
550,萍乡学院,江西,综合,65.8 
550,山西能源学院,山西,综合,65.8 
553,河套学院,内蒙古,综合,65.7 
553,吉林体育学院,吉林,体育,
554,福建技术师范学院,福建,师范,65.5 
555,黑龙江工业学院,黑龙江,理工,65.4 
556,兰州文理学院,甘肃,综合,65.1 
557,长治学院,山西,师范,64.9 
558,山东管理学院,山东,综合,64.1 
559,集宁师范学院,内蒙古,师范,64.0 
559,吕梁学院,山西,师范,64.0 
561,山西工程技术学院,山西,理工,63.6 
562,甘肃民族师范学院,甘肃,师范,63.0 
562,西安医学院,陕西,医药,
563,山东农业工程学院,山东,综合,62.6 
564,西安航空学院,陕西,理工,62.4 
565,太原学院,山西,理工,60.0 
566,亳州学院,安徽,师范,58.9 
566,湖北警官学院,湖北,政法,
567,首钢工学院,北京,理工,55.9 
577,南京森林警察学院,江苏,政法,
588,云南警官学院,云南,政法,
593,内蒙古科技大学包头医学院,内蒙古,医药,
596,武汉商学院,湖北,财经,
600+,北京警察学院,北京,政法,
600+,长治医学院,山西,医药,
600+,福建警察学院,福建,政法,
600+,广西警察学院,广西,政法,
600+,贵州警察学院,贵州,政法,
600+,贵州商学院,贵州,财经,
600+,哈尔滨金融学院,黑龙江,财经,
600+,河北体育学院,河北,体育,
600+,河南财政金融学院,河南,财经,
600+,呼和浩特民族学院,内蒙古,语言,
600+,湖南财政经济学院,湖南,财经,
600+,湖南警察学院,湖南,政法,
600+,湖南女子学院,湖南,语言,
600+,湖南医药学院,湖南,医药,
600+,吉林工商学院,吉林,财经,
600+,吉林警察学院,吉林,政法,
600+,吉林医药学院,吉林,医药,
600+,江西警察学院,江西,政法,
600+,辽宁警察学院,辽宁,政法,
600+,山东警察学院,山东,政法,
600+,山东政法学院,山东,政法,
600+,山西警察学院,山西,政法,
600+,铁道警察学院,河南,政法,
600+,铜陵学院,安徽,财经,
600+,西安体育学院,陕西,体育,
600+,新疆警察学院,新疆,政法,
600+,新疆科技学院,新疆,财经,
600+,浙江警察学院,浙江,政法,
600+,中国人民警察大学,河北,政法,
600+,中央司法警官学院,河北,政法,
